{"features":{"step_-0.4":{"soma":{"voltage_deflection":[-19.772462606879138,2.033148883516023],"voltage_base":[-74.61759546457128,2.1406043489404434]}},"step_-0.2":{"soma":{"voltage_deflection":[-9.859241453008528,1.0756047499453203],"voltage_base":[-74.95850220567962,2.868751014477237]}},"step_0.2":{"soma":{"voltage_base":[-74.84518541494346,3.3177154016535253],"Spikecount":[0.8333333333333334,1.178511301977579],"time_to_last_spike":[65.93333333333042,93.24381421246197],"inv_time_to_first_spike":[4.797629375520802,6.784872530101079],"inv_first_ISI":[4.303645236358828,6.086273460901018],"inv_second_ISI":[1.8115942028986538,2.5619810912557526],"inv_last_ISI":[3.6350807090986113,5.140780439128063]}},"step_0.4":{"soma":{"voltage_base":[-74.85809208712426,3.058611733860714],"Spikecount":[7.916666666666667,4.823265376162594],"time_to_last_spike":[276.6666666666806,89.37913005221213],"inv_time_to_first_spike":[72.80001473508605,51.421204309459696],"inv_first_ISI":[38.723741122297035,25.547322916112343],"inv_second_ISI":[30.73502681555151,18.07827286753977],"inv_third_ISI":[30.73729153337209,21.876012860164895],"inv_fourth_ISI":[21.40134293253315,16.109844803048116],"inv_fifth_ISI":[21.214536633910544,16.126200420426056],"inv_last_ISI":[16.59797522560209,10.712045029449829]}},"step_0.6":{"soma":{"mean_frequency":[43.108703727528955,16.839882155191592],"time_to_first_spike":[14.191666666666725,12.79590320723325],"AHP_depth":[13.08062038890868,2.6743914214605855],"voltage_base":[-74.66158843396731,3.3100121810649386],"Spikecount":[15.666666666666666,7.523112535528245],"time_to_last_spike":[347.7416666666874,47.00678290299698],"inv_time_to_first_spike":[157.45661983731873,71.90319758218914],"inv_first_ISI":[75.99147154038083,40.95474103890755],"inv_second_ISI":[72.91750041298384,29.60918649564383],"inv_third_ISI":[67.76173796565028,28.64611323192261],"inv_fourth_ISI":[61.18018310622759,26.892130765555414],"inv_fifth_ISI":[53.56293735803271,35.22701800066927],"inv_last_ISI":[37.22181922879893,2.6186282096548603]}},"step_0.8":{"soma":{"mean_frequency":[65.78934873481884,24.722104261042126],"time_to_first_spike":[5.541666666666916,2.7737109117971257],"AHP_depth":[19.979322409529786,6.478137065832601],"voltage_base":[-74.62491039426502,3.4887078776631593],"Spikecount":[23.166666666666668,8.564299283783948],"time_to_last_spike":[351.52500000001965,29.34682691536403],"inv_time_to_first_spike":[251.36896546056482,64.96255937673827],"inv_first_ISI":[122.7446756015972,31.383384092250992],"inv_second_ISI":[113.52329067802445,29.382204093889705],"inv_third_ISI":[109.42825236807131,29.034011356880356],"inv_fourth_ISI":[100.67639053637515,30.10633736118888],"inv_fifth_ISI":[99.49357148996926,29.371455491631448],"inv_last_ISI":[59.240254545071764,5.784936017068061]}}},"distributions":{"axonal":[[{"parameter":"gbar_na3","channel":"na3","distribution":"uniform","min":0.025,"max":0.15}],[{"parameter":"gkdrbar_kdrb","channel":"kdrb","distribution":"uniform","min":0.01,"max":0.08}],[{"parameter":"gkabar_kap","channel":"kap","distribution":"uniform","min":0.001,"max":0.04}],[{"parameter":"gbar_kmb","channel":"kmb","distribution":"uniform","min":0.004,"max":0.05}],[{"parameter":"g_pas","channel":"pas","distribution":"uniform","min":0.000001,"max":0.00008}],[{"parameter":"e_pas","channel":"pas","distribution":"uniform","min":-95,"max":-75}]],"somatic":[[{"parameter":"gbar_na3","channel":"na3","distribution":"uniform","min":0.02,"max":0.06}],[{"parameter":"gkdrbar_kdrb","channel":"kdrb","distribution":"uniform","min":0.001,"max":0.08}],[{"parameter":"gkabar_kap","channel":"kap","distribution":"uniform","min":0.005,"max":0.04}],[{"parameter":"gkdbar_kdb","channel":"kdb","distribution":"uniform","min":0.00001,"max":0.0001}],[{"parameter":"gbar_kmb","channel":"kmb","distribution":"uniform","min":0.001,"max":0.02}],[{"parameter":"ghdbar_hd","channel":"hd","distribution":"uniform","min":0.000001,"max":0.0005}],[{"parameter":"gcalbar_cal","channel":"cal","distribution":"uniform","min":0.000001,"max":0.00003}],[{"parameter":"gcanbar_can","channel":"can","distribution":"uniform","min":0.000001,"max":0.00003}],[{"parameter":"gcatbar_cat","channel":"cat","distribution":"uniform","min":0.000001,"max":0.00003}],[{"parameter":"gbar_kca","channel":"kca","distribution":"uniform","min":0.000001,"max":0.00001}],[{"parameter":"gbar_cagk","channel":"cagk","distribution":"uniform","min":0.000005,"max":0.0003}],[{"parameter":"g_pas","channel":"pas","distribution":"uniform","min":0.000001,"max":0.0002}],[{"parameter":"e_pas","channel":"pas","distribution":"uniform","min":-120,"max":-75}]],"alldend":[[{"parameter":"gbar_na3","channel":"na3","distribution":"exp_na_dend","min":0.02,"max":0.06,"formula":"math.exp((-{distance})/50)*{value}"}],[{"parameter":"gkdrbar_kdrb","channel":"kdrb","distribution":"uniform","min":0.001,"max":0.8}],[{"parameter":"gkabar_kad","channel":"kad","distribution":"uniform","min":0.005,"max":0.1}],[{"parameter":"ghdbar_hd","channel":"hd","distribution":"uniform","min":0.000001,"max":0.0005}],[{"parameter":"gcalbar_cal","channel":"cal","distribution":"uniform","min":0.000001,"max":0.00003}],[{"parameter":"gcanbar_can","channel":"can","distribution":"uniform","min":0.000001,"max":0.00003}],[{"parameter":"gcatbar_cat","channel":"cat","distribution":"uniform","min":0.000001,"max":0.00003}],[{"parameter":"gbar_kca","channel":"kca","distribution":"uniform","min":0.000001,"max":0.00001}],[{"parameter":"gbar_cagk","channel":"cagk","distribution":"uniform","min":0.000005,"max":0.0003}],[{"parameter":"g_pas","channel":"pas","distribution":"uniform","min":0.000001,"max":0.0002}],[{"parameter":"e_pas","channel":"pas","distribution":"uniform","min":-100,"max":-50}]]}}