{"features":{"step_-0.8":{"soma":{"voltage_deflection":[-29.639423076885908,16.862567589810016],"voltage_base":[-73.94257444168747,4.529952732241137]}},"step_-0.6":{"soma":{"voltage_deflection":[-21.663995726540584,12.836195088967486],"voltage_base":[-74.10381996140076,4.582138704396526]}},"step_-0.4":{"soma":{"voltage_deflection":[-15.660534188068397,7.649409841194618],"voltage_base":[-73.869659498208,4.543163250111091]}},"step_-0.2":{"soma":{"voltage_deflection":[-8.7443055555379,4.449321846745903],"voltage_base":[-74.09793355390138,4.143053597722211]}},"step_0.2":{"soma":{"voltage_base":[-74.22547697821882,4.030074560525645],"Spikecount":[1.9,3.8000000000000003],"time_to_last_spike":[61.55000000000172,123.10000000000343],"inv_time_to_first_spike":[15.297998180163365,30.59599636032673],"inv_first_ISI":[3.365840156937935,6.73168031387587],"inv_second_ISI":[16.6712975826628,33.3425951653256],"inv_third_ISI":[2.1232724912537377,4.2465449825074755],"inv_fourth_ISI":[10.752688172043623,21.505376344087246],"inv_fifth_ISI":[8.474576271186372,16.949152542372744],"inv_last_ISI":[7.643844880669259,15.287689761338516]}},"step_0.4":{"soma":{"voltage_base":[-74.65833126550845,4.5905759444171155],"Spikecount":[11.8,20.68235963327202],"time_to_last_spike":[164.4866666666744,167.42372804090462],"inv_time_to_first_spike":[63.49933337831658,114.16940996576183],"inv_first_ISI":[41.50587470203217,72.17633081463985],"inv_second_ISI":[36.42826855253092,64.80685229552651],"inv_third_ISI":[32.69215744148849,59.65662631744751],"inv_fourth_ISI":[33.0970334060044,60.197088667577205],"inv_fifth_ISI":[28.125000000000227,56.250000000000455],"inv_last_ISI":[33.60360272524806,59.07714384429282]}},"step_0.6":{"soma":{"voltage_base":[-74.67308174800071,4.822975775449278],"Spikecount":[23.76666666666667,27.713133669395415],"time_to_last_spike":[295.5466666666786,101.63746542383089],"inv_time_to_first_spike":[209.25205399895262,211.10427409579506],"inv_first_ISI":[91.54130467102472,94.50481543651469],"inv_second_ISI":[78.3410165613441,81.55983710561671],"inv_third_ISI":[73.16924623071087,79.37794933063795],"inv_fourth_ISI":[68.47688832511648,78.71159447744671],"inv_fifth_ISI":[65.72449919984903,75.49604786253072],"inv_last_ISI":[55.451025888405596,61.48839161071331]}},"step_0.8":{"soma":{"time_to_first_spike":[9.866666666666948,12.70443929411215],"voltage_base":[-74.71622690929085,5.189703196413324],"Spikecount":[40.96666666666667,22.57442013528685],"time_to_last_spike":[393.5700000000281,5.8947094924191],"inv_time_to_first_spike":[341.81169164006667,263.40055045765195],"inv_first_ISI":[140.95575461624009,99.5490282586741],"inv_second_ISI":[127.35864942927442,76.02201420073222],"inv_third_ISI":[124.58567444823215,71.74995716011757],"inv_fourth_ISI":[121.27270089462365,69.84677626665471],"inv_fifth_ISI":[123.24961039484943,66.95949840867469],"inv_last_ISI":[90.66220216690667,53.55229629764205]}}},"distributions":{"axonal":[[{"parameter":"gbar_na3","channel":"na3","distribution":"uniform","min":0.025,"max":0.15}],[{"parameter":"gkdrbar_kdrb","channel":"kdrb","distribution":"uniform","min":0.01,"max":0.08}],[{"parameter":"gkabar_kap","channel":"kap","distribution":"uniform","min":0.001,"max":0.04}],[{"parameter":"gbar_kmb","channel":"kmb","distribution":"uniform","min":0.004,"max":0.05}],[{"parameter":"g_pas","channel":"pas","distribution":"uniform","min":0.000001,"max":0.00008}],[{"parameter":"e_pas","channel":"pas","distribution":"uniform","min":-95,"max":-75}]],"somatic":[[{"parameter":"gbar_na3","channel":"na3","distribution":"uniform","min":0.02,"max":0.06}],[{"parameter":"gkdrbar_kdrb","channel":"kdrb","distribution":"uniform","min":0.001,"max":0.08}],[{"parameter":"gkabar_kap","channel":"kap","distribution":"uniform","min":0.005,"max":0.04}],[{"parameter":"gkdbar_kdb","channel":"kdb","distribution":"uniform","min":0.00001,"max":0.0001}],[{"parameter":"gbar_kmb","channel":"kmb","distribution":"uniform","min":0.001,"max":0.02}],[{"parameter":"ghdbar_hd","channel":"hd","distribution":"uniform","min":0.000001,"max":0.0005}],[{"parameter":"gcalbar_cal","channel":"cal","distribution":"uniform","min":0.000001,"max":0.00003}],[{"parameter":"gcanbar_can","channel":"can","distribution":"uniform","min":0.000001,"max":0.00003}],[{"parameter":"gcatbar_cat","channel":"cat","distribution":"uniform","min":0.000001,"max":0.00003}],[{"parameter":"gbar_kca","channel":"kca","distribution":"uniform","min":0.000001,"max":0.00001}],[{"parameter":"gbar_cagk","channel":"cagk","distribution":"uniform","min":0.000005,"max":0.0003}],[{"parameter":"g_pas","channel":"pas","distribution":"uniform","min":0.000001,"max":0.0002}],[{"parameter":"e_pas","channel":"pas","distribution":"uniform","min":-120,"max":-75}]],"alldend":[[{"parameter":"gbar_na3","channel":"na3","distribution":"exp_na_dend","min":0.02,"max":0.06,"formula":"math.exp((-{distance})/50)*{value}"}],[{"parameter":"gkdrbar_kdrb","channel":"kdrb","distribution":"uniform","min":0.001,"max":0.8}],[{"parameter":"gkabar_kad","channel":"kad","distribution":"uniform","min":0.005,"max":0.1}],[{"parameter":"ghdbar_hd","channel":"hd","distribution":"uniform","min":0.000001,"max":0.0005}],[{"parameter":"gcalbar_cal","channel":"cal","distribution":"uniform","min":0.000001,"max":0.00003}],[{"parameter":"gcanbar_can","channel":"can","distribution":"uniform","min":0.000001,"max":0.00003}],[{"parameter":"gcatbar_cat","channel":"cat","distribution":"uniform","min":0.000001,"max":0.00003}],[{"parameter":"gbar_kca","channel":"kca","distribution":"uniform","min":0.000001,"max":0.00001}],[{"parameter":"gbar_cagk","channel":"cagk","distribution":"uniform","min":0.000005,"max":0.0003}],[{"parameter":"g_pas","channel":"pas","distribution":"uniform","min":0.000001,"max":0.0002}],[{"parameter":"e_pas","channel":"pas","distribution":"uniform","min":-120,"max":-80}]]}}